{"Latitude":{"0":42.3462689532,"1":42.34542802,"2":42.3474870686,"3":null,"4":null,"5":null,"6":null,"7":42.3523202829,"8":42.3527355126,"9":null,"10":42.356217659,"11":null,"12":42.3577675081,"13":null,"14":null,"15":null,"16":42.314252643,"17":42.3504924205,"18":null,"19":null,"20":null,"21":42.3502650995,"22":null,"23":null,"24":null,"25":42.3499066648,"26":null,"27":null,"28":null,"29":42.3497017227,"30":null,"31":42.3491759315,"32":null,"33":null,"34":42.3472725728,"35":null,"36":null,"37":null,"38":null,"39":null,"40":42.3407358015,"41":null,"42":42.3405427378,"43":null},"Longitude":{"0":-71.1028973116,"1":-71.1044749163,"2":-71.0982793559,"3":null,"4":null,"5":null,"6":null,"7":-71.1145485265,"8":-71.1153425628,"9":null,"10":-71.1191919717,"11":null,"12":-71.1748760872,"13":null,"14":null,"15":null,"16":-71.3610446234,"17":-71.127376913,"18":null,"19":null,"20":null,"21":-71.1092655658,"22":null,"23":null,"24":null,"25":-71.1063336915,"26":null,"27":null,"28":null,"29":-71.1161169547,"30":null,"31":-71.1162369185,"32":null,"33":null,"34":-71.1166276169,"35":null,"36":null,"37":null,"38":null,"39":null,"40":-71.1160672347,"41":null,"42":-71.114076082,"43":null}}